{
  "selections": {
    "mode": "SIMPLE"
  },
  "placements": {
    "placements": [
      {
        "schematic": "C:\\Users\\olive\\curseforge\\minecraft\\Instances\\Nexalyze\\schematics\\Schem\\korbar-endhaven-black-hole.schem",
        "name": "korbar-endhaven-black-hole (Converted Sponge)",
        "origin": [
          9934,
          30,
          194
        ],
        "rotation": "NONE",
        "mirror": "NONE",
        "ignore_entities": false,
        "enabled": true,
        "enable_render": true,
        "render_enclosing_box": false,
        "locked": false,
        "locked_coords": 0,
        "bb_color": 16757504,
        "verifier_type": "all",
        "placements": [
          {
            "name": "korbar-endhaven-black-hole (Converted Sponge)",
            "placement": {
              "pos": [
                0,
                0,
                0
              ],
              "name": "korbar-endhaven-black-hole (Converted Sponge)",
              "rotation": "NONE",
              "mirror": "NONE",
              "locked_coords": 0,
              "enabled": true,
              "rendering_enabled": true,
              "ignore_entities": false
            }
          }
        ]
      }
    ],
    "selected": 0,
    "origin_selected": true
  },
  "schematic_projects_manager": {},
  "operation_mode": "PASTE_SCHEMATIC",
  "render_range": {
    "mode": "ALL",
    "axis": "y",
    "layer_single": 0,
    "layer_above": 0,
    "layer_below": 0,
    "layer_range_min": 0,
    "layer_range_max": 0,
    "hotkey_range_min": false,
    "hotkey_range_max": false
  },
  "area_simple": {
    "name": "Unnamed",
    "current": "Unnamed",
    "boxes": [
      {
        "pos1": [
          -3,
          61,
          -39
        ],
        "pos2": [
          68,
          39,
          93
        ],
        "name": "Unnamed"
      }
    ]
  },
  "tool_mode_data": {
    "delete": {
      "use_placement": false
    }
  },
  "block_entities": {}
}